{
  "dataset": "custom_labels",
  "phase": "test",
  "num_samples": 2015,
  "num_models": 11,
  "dropped_rows": 0,
  "baselines": {
    "mean_ensemble": {
      "SRCC": 0.9399384058664843,
      "PLCC": 0.9513949845199554,
      "KRCC": 0.7922432564985293,
      "MAE": 40.248900353337426,
      "RMSE": 42.102720036635866,
      "avg_latency_ms": 311.5229061053015
    },
    "oracle": {
      "SRCC": 0.945076743759908,
      "PLCC": 0.9474736113354528,
      "KRCC": 0.7986564737474244,
      "MAE": 3.8842554055660763,
      "RMSE": 5.0881823897814735,
      "avg_latency_ms": 503.0600040286454
    }
  }
}