{
  "dataset": "custom_labels",
  "phase": "test",
  "num_samples": 232,
  "num_models": 11,
  "dropped_rows": 929,
  "baselines": {
    "mean_ensemble": {
      "SRCC": 0.7923259957446724,
      "PLCC": 0.817119062542187,
      "KRCC": 0.5998656515897894,
      "MAE": 39.29307098840116,
      "RMSE": 42.57270790398069,
      "avg_latency_ms": 295.12793485701195
    },
    "oracle": {
      "SRCC": 0.9591025372437239,
      "PLCC": 0.9349428737625916,
      "KRCC": 0.8326615912822808,
      "MAE": 5.092384490137192,
      "RMSE": 6.9176655816322405,
      "avg_latency_ms": 516.550105230949
    }
  }
}