{
  "experts": {
    "arniqa": {
      "SRCC": 0.7945623503644103,
      "PLCC": 0.8308718409987794,
      "KRCC": 0.5999441604343975,
      "MAE": 58.05133128657291,
      "RMSE": 60.04216158485586
    },
    "clipiqa+": {
      "SRCC": 0.8026271884806617,
      "PLCC": 0.8454305173940928,
      "KRCC": 0.6122605997938695,
      "MAE": 58.03459257715006,
      "RMSE": 60.02088443603412
    },
    "compare2score": {
      "SRCC": 0.9009012191857764,
      "PLCC": 0.9239366535508555,
      "KRCC": 0.7391441496162743,
      "MAE": 12.498635397496747,
      "RMSE": 14.788526789737121
    },
    "hyperiqa": {
      "SRCC": 0.9018464804621579,
      "PLCC": 0.9217490776956642,
      "KRCC": 0.7313372563718851,
      "MAE": 58.11455457601059,
      "RMSE": 60.09447682436867
    },
    "liqe": {
      "SRCC": 0.8943778481478014,
      "PLCC": 0.9045624748362611,
      "KRCC": 0.7176188221760267,
      "MAE": 55.07222116939391,
      "RMSE": 56.905116941560024
    },
    "maniqa": {
      "SRCC": 0.904163477614968,
      "PLCC": 0.9290765942267456,
      "KRCC": 0.7347142968877354,
      "MAE": 58.253547121542454,
      "RMSE": 60.22772662673663
    },
    "musiq": {
      "SRCC": 0.8654329129115542,
      "PLCC": 0.8957639677214095,
      "KRCC": 0.6816377867836833,
      "MAE": 6.073814016367067,
      "RMSE": 8.036857695805168
    },
    "qalign": {
      "SRCC": 0.8882820272308452,
      "PLCC": 0.9159540668764452,
      "KRCC": 0.7134232866657364,
      "MAE": 54.89246948267535,
      "RMSE": 56.8174305194624
    },
    "qualiclip+": {
      "SRCC": 0.8494590421950126,
      "PLCC": 0.8679247142204461,
      "KRCC": 0.6592381952297173,
      "MAE": 58.083865264650285,
      "RMSE": 60.07378358348601
    },
    "topiq_nr": {
      "SRCC": 0.9297541279547558,
      "PLCC": 0.9436676789779974,
      "KRCC": 0.7726453815609524,
      "MAE": 58.11427334367398,
      "RMSE": 60.09093598886207
    },
    "tres": {
      "SRCC": 0.9348971125498493,
      "PLCC": 0.9459182537439321,
      "KRCC": 0.7836596987600513,
      "MAE": 15.872121602372488,
      "RMSE": 17.211522324425037
    }
  },
  "baselines": {
    "uniform": {
      "SRCC": 0.9399384058664843,
      "PLCC": 0.9513949845199554,
      "KRCC": 0.7922432564985293,
      "MAE": 40.248900353337426,
      "RMSE": 42.102720036635866
    }
  }
}