{
  "experts": {
    "arniqa": {
      "SRCC": 0.6540586097342053,
      "PLCC": 0.6968423718342547,
      "KRCC": 0.4667860874757426,
      "MAE": 55.58961135148916,
      "RMSE": 58.77277772323754
    },
    "clipiqa+": {
      "SRCC": 0.8025126420124198,
      "PLCC": 0.8149186001433711,
      "KRCC": 0.605911330049261,
      "MAE": 55.63377935439262,
      "RMSE": 58.80390638231871
    },
    "compare2score": {
      "SRCC": 0.976219946990999,
      "PLCC": 0.982070110095327,
      "KRCC": 0.8883415435139572,
      "MAE": 14.964035506162054,
      "RMSE": 17.970724919305667
    },
    "hyperiqa": {
      "SRCC": 0.717115872140291,
      "PLCC": 0.7322332061141414,
      "KRCC": 0.5205254515599342,
      "MAE": 55.70753405371531,
      "RMSE": 58.87608948495045
    },
    "liqe": {
      "SRCC": 0.8510078052774513,
      "PLCC": 0.834066883175984,
      "KRCC": 0.663979698462457,
      "MAE": 53.325892025154374,
      "RMSE": 56.324808057173236
    },
    "maniqa": {
      "SRCC": 0.8111347731741395,
      "PLCC": 0.8189980857685242,
      "KRCC": 0.6215853112404837,
      "MAE": 55.8581985292771,
      "RMSE": 59.01653821006382
    },
    "musiq": {
      "SRCC": 0.7528075742520021,
      "PLCC": 0.790783342785317,
      "KRCC": 0.56418868487834,
      "MAE": 9.540449155552633,
      "RMSE": 12.164251008047811
    },
    "qalign": {
      "SRCC": 0.8660577041334463,
      "PLCC": 0.8795983362918445,
      "KRCC": 0.6787402417623516,
      "MAE": 52.95378826160283,
      "RMSE": 56.099205851199756
    },
    "qualiclip+": {
      "SRCC": 0.7676272225628447,
      "PLCC": 0.7704708089665279,
      "KRCC": 0.5698611733094491,
      "MAE": 55.653421295356296,
      "RMSE": 58.83036395253814
    },
    "topiq_nr": {
      "SRCC": 0.7825948655458791,
      "PLCC": 0.7888133885118902,
      "KRCC": 0.5857590685176892,
      "MAE": 55.73028651676215,
      "RMSE": 58.8951291281479
    },
    "tres": {
      "SRCC": 0.7363772826256175,
      "PLCC": 0.7598477564836266,
      "KRCC": 0.5459023734885803,
      "MAE": 12.263474803018179,
      "RMSE": 15.991547423328416
    }
  },
  "baselines": {
    "uniform": {
      "SRCC": 0.7923259957446724,
      "PLCC": 0.817119062542187,
      "KRCC": 0.5998656515897894,
      "MAE": 39.29307098840116,
      "RMSE": 42.57270790398069
    }
  }
}