{
  "experts": {
    "arniqa": {
      "SRCC": 0.561044786106717,
      "PLCC": 0.5599954483839995,
      "KRCC": 0.38710198287545244,
      "MAE": 49.80815679504021,
      "RMSE": 54.059292058483265
    },
    "clipiqa+": {
      "SRCC": 0.5626553745774903,
      "PLCC": 0.5705601020994455,
      "KRCC": 0.38400668716812536,
      "MAE": 49.72553872123756,
      "RMSE": 53.988539870415345
    },
    "compare2score": {
      "SRCC": 0.9092205840891372,
      "PLCC": 0.9082846490410774,
      "KRCC": 0.7275780435300649,
      "MAE": 17.243700505631693,
      "RMSE": 19.973766816149254
    },
    "hyperiqa": {
      "SRCC": 0.18823874669125198,
      "PLCC": 0.17736269857620274,
      "KRCC": 0.12239312635987547,
      "MAE": 49.80361714701198,
      "RMSE": 54.07477766205691
    },
    "liqe": {
      "SRCC": 0.29338596467213396,
      "PLCC": 0.4129243346468875,
      "KRCC": 0.19001335671684125,
      "MAE": 48.888186343036615,
      "RMSE": 53.16213952584627
    },
    "maniqa": {
      "SRCC": 0.06246346381716283,
      "PLCC": 0.05698345533529746,
      "KRCC": 0.038718276397548296,
      "MAE": 49.941230964590936,
      "RMSE": 54.20500263197831
    },
    "musiq": {
      "SRCC": 0.6064632345657078,
      "PLCC": 0.5545161653119475,
      "KRCC": 0.41694069818156115,
      "MAE": 25.166399258422853,
      "RMSE": 29.74051343172088
    },
    "qalign": {
      "SRCC": 0.9382326604018323,
      "PLCC": 0.9414449889825102,
      "KRCC": 0.7781738405379851,
      "MAE": 47.02542373595506,
      "RMSE": 51.147436808737964
    },
    "qualiclip+": {
      "SRCC": 0.4186692977943714,
      "PLCC": 0.40482624144929513,
      "KRCC": 0.28011698417209646,
      "MAE": 49.6946708306693,
      "RMSE": 53.96867365166974
    },
    "topiq_nr": {
      "SRCC": 0.4628785845660294,
      "PLCC": 0.4760629286822702,
      "KRCC": 0.3068858124468701,
      "MAE": 49.87725374592717,
      "RMSE": 54.13245671306943
    },
    "tres": {
      "SRCC": 0.3998457777778483,
      "PLCC": 0.3963716142436553,
      "KRCC": 0.2731149140425428,
      "MAE": 17.077533029483412,
      "RMSE": 21.372736714790285
    }
  },
  "baselines": {
    "uniform": {
      "SRCC": 0.591771343911246,
      "PLCC": 0.5897536531135024,
      "KRCC": 0.4097380692679409,
      "MAE": 38.43215422576618,
      "RMSE": 43.17804279144304
    }
  }
}