{
  "experts": {
    "arniqa": {
      "SRCC": 0.6051900360471704,
      "PLCC": 0.6410678519573265,
      "KRCC": 0.43344151604515385,
      "MAE": 3.8589607569357516,
      "RMSE": 4.03086964537268
    },
    "clipiqa+": {
      "SRCC": 0.6026852686529306,
      "PLCC": 0.6765577931909899,
      "KRCC": 0.4343880772594601,
      "MAE": 3.9004323140065633,
      "RMSE": 4.0592941965496605
    },
    "compare2score": {
      "SRCC": 0.8257904170091617,
      "PLCC": 0.8474900327148156,
      "KRCC": 0.6323562326627337,
      "MAE": 49.84331078565064,
      "RMSE": 49.84829023242071
    },
    "hyperiqa": {
      "SRCC": 0.4483617309653552,
      "PLCC": 0.5331048810845136,
      "KRCC": 0.31425919755046555,
      "MAE": 3.9521036856776237,
      "RMSE": 4.118205996300678
    },
    "liqe": {
      "SRCC": 0.6287272828338106,
      "PLCC": 0.6742348203793181,
      "KRCC": 0.4543438148598948,
      "MAE": 1.275192121578026,
      "RMSE": 1.4932611047328053
    },
    "maniqa": {
      "SRCC": 0.41754717741457875,
      "PLCC": 0.48540357927571354,
      "KRCC": 0.2879160813562703,
      "MAE": 4.09679746313947,
      "RMSE": 4.263507552033278
    },
    "musiq": {
      "SRCC": 0.568322696690327,
      "PLCC": 0.6819795355396396,
      "KRCC": 0.4115258399303908,
      "MAE": 56.90585830724182,
      "RMSE": 58.577183449825604
    },
    "qalign": {
      "SRCC": 0.7750562425210403,
      "PLCC": 0.8007281739152012,
      "KRCC": 0.5758710985909677,
      "MAE": 1.5083804479166665,
      "RMSE": 1.660872022211044
    },
    "qualiclip+": {
      "SRCC": 0.590950992720357,
      "PLCC": 0.6446414317567792,
      "KRCC": 0.42217186958776554,
      "MAE": 3.9216663051551346,
      "RMSE": 4.09233450501361
    },
    "topiq_nr": {
      "SRCC": 0.46378958187612224,
      "PLCC": 0.5633871792886227,
      "KRCC": 0.32891888595716323,
      "MAE": 3.9523441689616203,
      "RMSE": 4.117243366001567
    },
    "tres": {
      "SRCC": 0.401327398110415,
      "PLCC": 0.5059884717344887,
      "KRCC": 0.28068880808468427,
      "MAE": 63.3574489501709,
      "RMSE": 66.65621200716109
    }
  },
  "baselines": {
    "uniform": {
      "SRCC": 0.5245160591438527,
      "PLCC": 0.6262166361986226,
      "KRCC": 0.37300636651526625,
      "MAE": 13.080918674900555,
      "RMSE": 13.395892104150182
    }
  }
}