{
  "metrics": {
    "SRCC": 0.784351062050555,
    "PLCC": 0.8214214143270033,
    "KRCC": 0.5924755486523764,
    "MAE": 9.389087595727833,
    "RMSE": 12.019829296265625
  },
  "avg_latency_ms": 105.52354250303779
}