{
  "metrics": {
    "SRCC": 0.7844280684384773,
    "PLCC": 0.8212668041043998,
    "KRCC": 0.5924725785523731,
    "MAE": 9.379149124659023,
    "RMSE": 12.022050206972496
  },
  "avg_latency_ms": 123.05778138687262
}