{
  "metrics": {
    "SRCC": 0.7844827186278448,
    "PLCC": 0.8212654917424419,
    "KRCC": 0.5925022795524059,
    "MAE": 9.377449961240204,
    "RMSE": 12.021750505058012
  },
  "avg_latency_ms": 126.27871362047236
}