{
  "metrics": {
    "SRCC": 0.7856307023306937,
    "PLCC": 0.8219839769839662,
    "KRCC": 0.5934408311534393,
    "MAE": 9.372921764443726,
    "RMSE": 12.006583404105
  },
  "avg_latency_ms": 122.88085441074986
}