{
  "metrics": {
    "SRCC": 0.7858485937935772,
    "PLCC": 0.822045135451693,
    "KRCC": 0.5936606185536812,
    "MAE": 9.36847941640707,
    "RMSE": 12.004567287979436
  },
  "avg_latency_ms": 115.39261610478621
}