{
  "metrics": {
    "SRCC": 0.7845088398387443,
    "PLCC": 0.8212498032173603,
    "KRCC": 0.5925111898524156,
    "MAE": 9.376728388080167,
    "RMSE": 12.021662809378258
  },
  "avg_latency_ms": 129.04064932719362
}